2025-03-28 20:52:17.656,7,-0.0033838038511501654,0.024103876315071007,-0.0008649451694367478
2025-03-28 20:52:17.656,13,0.0016220847387757378,-0.002686522359289758,0.0012356107049222096
2025-03-28 20:52:17.656,14,-0.003085681217680236,0.003886712181775058,0.0040776154901934316
2025-03-28 20:52:17.656,15,0.0018217046989417336,0.000992804404240279,0.0024713392497857597
2025-03-28 20:52:17.766,7,9.213197486878446,-211.9958414207868,-32.64460033773787
2025-03-28 20:52:17.766,8,-0.0017217931413591402,-0.0002536816890445497,0.0019800632401390725
2025-03-28 20:52:17.766,13,-8.014215816411014,61.57171627401633,65.08498609004049
2025-03-28 20:52:17.766,14,48.549507946428825,-9.48484941804818,-46.74617339122748
2025-03-28 20:52:17.766,15,-18.65038257132332,-25.783929308807284,-21.849830323920514
2025-03-28 20:52:17.864,7,-17.838887790261218,-81.5278980812839,13.870399903372014
2025-03-28 20:52:17.864,8,91.85131045199407,3.105600808500176,-24.24016499818296
2025-03-28 20:52:17.864,13,-11.358177138457247,43.42007101445812,-32.12204251229346
2025-03-28 20:52:17.864,14,-6.336083525238209,-27.28809413026505,9.952839026837964
2025-03-28 20:52:17.864,15,29.53980214490535,-16.94649979198549,-61.41295127367667
2025-03-28 20:52:17.985,7,21.922745504226263,-85.60463573177489,78.75220461416662
2025-03-28 20:52:17.985,8,-8.591549929806696,-35.76595432687778,87.20699955335078
2025-03-28 20:52:17.985,13,-19.220917719372565,-24.070394172174005,-34.34067075465554
2025-03-28 20:52:17.985,14,9.353213028951355,-50.376095425402134,-46.14188183318643
2025-03-28 20:52:17.985,15,-7.448203678375041,13.514782441901545,21.465201884726564
2025-03-28 20:52:18.103,7,6.746359927147868,-86.15132273858947,93.74373261041075
2025-03-28 20:52:18.104,8,-35.030461713259136,-47.578711271448924,29.32491479330391
2025-03-28 20:52:18.104,13,-9.393193840678071,-15.928659538944585,-10.142269403730742
2025-03-28 20:52:18.105,14,29.40895367404071,-3.105458721220902,21.44409300632677
2025-03-28 20:52:18.105,15,-20.559905981087685,31.71987155229893,2.4736533790467146
2025-03-28 20:52:18.205,7,13.834599271385231,14.54109520887954,-133.37860081729252
2025-03-28 20:52:18.206,8,-43.20254957691327,40.220672399328066,-127.66652312633309
2025-03-28 20:52:18.206,13,-7.694144738325743,-29.5106626323861,-22.907565190579387
2025-03-28 20:52:18.207,14,-12.5457832239792,29.06459450397871,1.7211479555838025
2025-03-28 20:52:18.208,15,6.872084023473011,-23.437021281243602,17.293800032012587
2025-03-28 20:52:18.311,7,16.204974135260272,75.56461688677243,-30.592526598787522
2025-03-28 20:52:18.311,8,22.498024285132722,95.68928786601865,-61.89215037964544
2025-03-28 20:52:18.311,13,27.55758389822974,19.987219396363226,24.20330315033199
2025-03-28 20:52:18.311,14,5.04026198782586,-14.5831929336844,-21.586144271581183
2025-03-28 20:52:18.311,15,13.537630578382467,-20.891272191866147,-11.807782347686631
2025-03-28 20:52:18.435,7,-40.986252098515756,-42.36387341377741,-193.93689403749212
2025-03-28 20:52:18.437,8,40.514527763213295,39.053871637566786,-146.2833288368892
2025-03-28 20:52:18.437,13,1.776354723092684,-2.5234715737700686,3.1456154379472814
2025-03-28 20:52:18.438,14,-22.87286733998579,9.836564346723403,14.885831032637057
2025-03-28 20:52:18.439,15,-28.088465339638326,25.96162612327786,20.587533571869884
2025-03-28 20:52:18.548,7,-23.76888231081002,30.653762886940722,-52.91368286865718
2025-03-28 20:52:18.548,8,-22.384579511811857,-29.57892056373622,-8.13683575686811
2025-03-28 20:52:18.548,13,-8.371340167472301,26.563014777324057,24.28619581298463
2025-03-28 20:52:18.548,14,10.445762961490352,5.652961445250842,10.676731361335117
2025-03-28 20:52:18.558,15,4.995215089125477,1.8853143367024838,-19.44428645274223
2025-03-28 20:52:18.663,7,-45.247653719928685,133.49042472885142,24.72830060820915
2025-03-28 20:52:18.663,8,10.735537718361732,144.2080428767444,32.438244073402466
2025-03-28 20:52:18.663,13,-7.905803355167173,-0.46140773521512735,-3.7092830805543944
2025-03-28 20:52:18.663,14,-17.713392595450053,-20.198327844648308,-37.713585414736656
2025-03-28 20:52:18.772,7,40.732362009856615,-25.005794819922585,142.64993120125345
2025-03-28 20:52:18.772,8,28.481033439397528,-24.196607819266177,44.97340985411554
2025-03-28 20:52:18.772,13,13.93815595054696,-3.60916903300916,-67.27649009623278
2025-03-28 20:52:18.772,14,-10.213299817926304,24.834903246488004,26.84765337570536
2025-03-28 20:52:18.875,7,14.84004548554664,-34.81603304069695,58.03854304681224
2025-03-28 20:52:18.875,8,-1.6739656243674723,-62.38767404452381,85.45200154969181
2025-03-28 20:52:18.875,13,-6.375875167698424,4.068821973461361,109.10647697409118
2025-03-28 20:52:18.875,14,9.611324780002397,6.8000458247279685,-20.44173580185608
2025-03-28 20:52:18.990,7,-10.535026572901018,-25.48767879315907,34.91966439918025
2025-03-28 20:52:18.990,8,-24.13292406748721,-30.147217713273267,-9.894687355355956
2025-03-28 20:52:18.990,13,-4.146422628925369,-17.503022455164217,-74.39509043842638
2025-03-28 20:52:18.990,14,15.782696627443364,-5.688991780676616,6.284624184914087
2025-03-28 20:52:19.099,7,64.34904684798748,-60.89812619880963,-21.71698467818973
2025-03-28 20:52:19.099,8,16.479996212408004,-25.931436735550456,-31.934002902257646
2025-03-28 20:52:19.099,13,31.93066024095593,-43.36255521912835,-78.20695544617803
2025-03-28 20:52:19.099,14,-15.897424662733696,-6.1487961865844785,-10.041283920344469
2025-03-28 20:52:19.202,7,109.15825776925669,-32.631450763959755,-7.716320496915213
2025-03-28 20:52:19.202,8,37.62287856825279,-89.32319116984898,2.5154428169940104
2025-03-28 20:52:19.202,13,3.6131710145491276,90.02511419267185,79.48662203217992
2025-03-28 20:52:19.202,14,131.16980552854528,43.74544258397727,15.600841576403234
2025-03-28 20:52:19.311,7,109.10894595825744,24.554772345995577,1.9286508695055442
2025-03-28 20:52:19.311,8,27.023639650384453,75.51393534751205,55.362307382890954
2025-03-28 20:52:19.311,13,88.06288007054825,-59.378903009931506,-5.932334376667612
2025-03-28 20:52:19.311,14,-39.16121990852609,-79.98625841212778,-143.55039879024434
2025-03-28 20:52:19.414,7,90.37683485184911,-25.01485522533305,-45.68408396778042
2025-03-28 20:52:19.414,8,212.84057084325897,-141.27822330063745,112.34322513365555
2025-03-28 20:52:19.414,13,-65.1504398466725,0.33430979078801215,186.29894366198954
2025-03-28 20:52:19.414,14,6.6509486033641565,-74.80222343225863,-166.25400764078606
2025-03-28 20:52:19.529,7,15.949534291403236,72.35773116731303,-29.182489574024526
2025-03-28 20:52:19.529,8,-3.3655025779278986,11.897048119114402,28.094067557149437
2025-03-28 20:52:19.529,13,3.461204362658755,-51.850657390277426,-86.31391188747757
2025-03-28 20:52:19.529,14,8.87972409151462,-136.06232510731274,-171.89412808715494
2025-03-28 20:52:19.529,15,0.770877923249562,1.1395376015929195,-7.259195409531511
2025-03-28 20:52:19.529,16,0.02886612245687493,-0.05112865882857778,-0.06918419731922504
2025-03-28 20:52:19.651,7,-59.80065979347198,-25.910458162289615,50.80734929166275
2025-03-28 20:52:19.651,8,-73.36798751862682,50.16921753258874,-52.8080349742966
2025-03-28 20:52:19.651,13,-9.122506786772421,-33.16249830779015,-33.06791559756345
2025-03-28 20:52:19.651,14,18.32686899174039,0.6017910264616972,56.64381299799496
2025-03-28 20:52:19.651,15,5.405771814831659,-34.417487251356455,29.09139388370037
2025-03-28 20:52:19.660,16,59.873769560955665,-135.1932150184471,-181.11500470178277
2025-03-28 20:52:19.766,7,-81.26407266326248,-11.504223065590148,10.01560431323631
2025-03-28 20:52:19.766,8,-49.81507568571018,33.53709666114489,20.440636008543088
2025-03-28 20:52:19.766,13,-21.827337440737914,13.266020370417376,22.24986237389043
2025-03-28 20:52:19.766,14,-1.9522477572371564,43.468746440321226,38.5932441701755
2025-03-28 20:52:19.766,15,-5.733249259692036,11.759097858364825,-57.2724142046124
2025-03-28 20:52:19.766,16,4.799416501962753,-20.570562369816756,-153.96534515261854
2025-03-28 20:52:19.869,7,-68.37972174454876,-20.217019889570466,12.086269492532356
2025-03-28 20:52:19.869,8,-32.7110700946048,-18.573856094439783,-66.83267224741489
2025-03-28 20:52:19.869,13,30.862355238992734,23.59390789372807,-25.193390622842998
2025-03-28 20:52:19.869,14,-4.3736028833239775,58.019561721989234,169.01852617092123
2025-03-28 20:52:19.869,15,8.969489148672526,66.01951191309978,73.03402336965387
2025-03-28 20:52:19.869,16,-55.451243507183364,78.86771047550062,78.34588836813876
2025-03-28 20:52:19.972,7,-54.67918418394925,-9.002592195067926,-12.590291698964517
2025-03-28 20:52:19.972,8,-64.49979133529537,3.641519206789244,-10.096592705629782
2025-03-28 20:52:19.972,13,-19.344065900688847,54.31969746363926,50.73831071822364
2025-03-28 20:52:19.980,14,-40.43692430489104,93.43321409291241,100.1433237546336
2025-03-28 20:52:19.980,15,-18.551587505235485,-26.983559871321326,-38.40006315190999
2025-03-28 20:52:19.980,16,-35.785360871560336,135.2247188108077,219.2793296356287
2025-03-28 20:52:20.087,7,9.94870931569207,5.058134578921494,37.48642682033125
2025-03-28 20:52:20.087,8,-46.62321845578931,10.8344139623931,-80.78464771034419
2025-03-28 20:52:20.087,13,-30.91593887834508,65.59066934163336,-34.152763761071114
2025-03-28 20:52:20.087,14,-29.574086550254023,156.932984354525,165.8384759612589
2025-03-28 20:52:20.087,15,-6.678829516619961,7.550420969996816,0.7349920822465386
2025-03-28 20:52:20.087,16,-43.60626435585067,195.38945152114974,256.6291023944724
2025-03-28 20:52:20.202,7,-11.692510088342136,-29.828965407586242,-0.4978604686757606
2025-03-28 20:52:20.202,8,-44.91231099919442,-4.799935070862011,-48.630112245127904
2025-03-28 20:52:20.202,13,-5.195330150188456,12.985437185566273,54.12212672000031
2025-03-28 20:52:20.202,14,-25.253870518907554,12.526520024055031,52.21335469503875
2025-03-28 20:52:20.202,15,-0.25327439341932534,10.480957020293026,19.48253170398473
2025-03-28 20:52:20.323,7,-29.370047657421303,7.359669109653881,-3.62102782276066
2025-03-28 20:52:20.323,8,-57.31869774655995,33.83796471380061,-39.06651391597058
2025-03-28 20:52:20.323,13,-20.96355717818693,-4.028840649951094,-21.745038929079993
2025-03-28 20:52:20.323,14,-30.45900198199255,64.26138744254226,192.68223984448332
2025-03-28 20:52:20.323,15,9.343748662999502,-12.898321623484875,-6.896303461319285
2025-03-28 20:52:20.323,16,-15.943622610823809,153.14257616354888,302.58171191082454
2025-03-28 20:52:20.432,7,-47.570555626498184,-45.690238737379026,-24.611262715698754
2025-03-28 20:52:20.432,8,-19.293877312652498,-35.79662442335842,4.998539091521273
2025-03-28 20:52:20.432,13,-25.72190864469258,22.086512431349256,-19.492871536918724
2025-03-28 20:52:20.432,14,26.52857265914377,24.22774795718881,77.26295953709904
2025-03-28 20:52:20.548,7,-79.83579432745576,29.680130077430313,-47.45492308374351
2025-03-28 20:52:20.548,8,-45.9117638495431,83.38700073017253,75.23549935135757
2025-03-28 20:52:20.548,13,26.678516224900164,-54.618997663228114,-79.90149297953377
2025-03-28 20:52:20.548,14,-31.782500658537412,-17.864615624723182,1.1323584474141342
2025-03-28 20:52:20.663,7,-142.5447838665607,26.17899334553774,-151.89372181569368
2025-03-28 20:52:20.663,8,-100.29186685310401,-7.020642146035961,50.35177467165792
2025-03-28 20:52:20.663,13,-48.55403856140167,39.04634073569468,-59.8188850703934
2025-03-28 20:52:20.663,14,-7.252667025393867,13.568808590409706,-107.6506914161964
2025-03-28 20:52:20.778,7,29.47900849694736,-65.07701065367819,34.61931300231528
2025-03-28 20:52:20.778,8,12.05853037902758,8.203819507808156,23.04568521926162
2025-03-28 20:52:20.778,13,-11.049439558475331,-107.76879490884164,-29.008311212675302
2025-03-28 20:52:20.783,14,-71.46649719051472,-141.8066716497,-151.55350655830193
2025-03-28 20:52:20.893,7,-75.84613785136133,-38.376013177850766,75.90236714696267
2025-03-28 20:52:20.893,8,-43.10428475480972,3.459837236642204,21.474260254018482
2025-03-28 20:52:20.893,13,16.71612333536855,-34.09233172848457,-119.15060385392005
2025-03-28 20:52:20.893,14,-24.8869285941914,-29.12778396501991,-82.05437691939915
2025-03-28 20:52:20.893,15,11.370659312182653,-10.305908433820557,-10.672864262462724
2025-03-28 20:52:20.893,16,-28.24925729718698,126.34114776274922,309.4723041997297
2025-03-28 20:52:21.002,7,69.813339561747,-0.35921486453454676,64.19372031372075
2025-03-28 20:52:21.002,8,1.5274153538184763,-45.13834750935318,-22.602054279591428
2025-03-28 20:52:21.002,13,-16.99909971028459,-23.25262434264486,-85.6836814712056
2025-03-28 20:52:21.002,14,43.8437988665922,-16.347687961997305,3.189600046284241
2025-03-28 20:52:21.002,15,-10559.82579897001,-10080.721372121248,10332.566967674287
2025-03-28 20:52:21.002,16,-9659.8124697438,-11396.804994871363,8582.998464100108
2025-03-28 20:52:21.105,7,78.51956288974486,32.551531696476935,90.3567385433346
2025-03-28 20:52:21.105,8,63.00385434730616,22.740839509280633,-6.106305276598249
2025-03-28 20:52:21.105,13,13.614400572759147,-99.81868124188107,-76.65489660019512
2025-03-28 20:52:21.105,14,49.46924357006185,-73.21980200938114,-22.45610953304378
2025-03-28 20:52:21.105,15,18637.94221874453,17763.75499295845,-18669.77457839962
2025-03-28 20:52:21.214,7,29.430556053253525,44.85734718549213,44.34797919827278
2025-03-28 20:52:21.214,8,89.28943027021234,-40.11375738479444,-79.16156606457089
2025-03-28 20:52:21.214,13,-11.569735312691767,-66.31642600176221,1.2542976063116242
2025-03-28 20:52:21.214,14,38.240981419208666,-14.886305669176519,14.236793885320552
2025-03-28 20:52:21.214,15,-2396.4924252774326,-2331.039606014094,2291.5910559198383
2025-03-28 20:52:21.323,7,70.93115050261585,8.055040042289871,40.09510401711475
2025-03-28 20:52:21.323,8,27.244964645956287,28.234810467645197,11.050077677146923
2025-03-28 20:52:21.323,13,-20.009862218820864,-35.83974080260146,55.03042553669043
2025-03-28 20:52:21.323,14,19.899357974392707,28.45256423080682,-4.0492135154448565
2025-03-28 20:52:21.323,15,-1196.2579653527018,-1263.3412017953447,1056.0203678016
2025-03-28 20:52:21.436,7,73.35170499848152,45.33012294917642,4.745263824164521
2025-03-28 20:52:21.439,8,41.32617130136642,1.2172183586932803,1.583929154992716
2025-03-28 20:52:21.439,13,44.938988543228945,-9.052471601779411,35.952952434085674
2025-03-28 20:52:21.439,14,-2.101081388036599,-10.008744080012221,-4.6376874687809675
2025-03-28 20:52:21.441,15,-555.7566173095876,-696.026322220838,758.1715696198994
2025-03-28 20:52:21.541,7,6.4286253859058355,-39.5630079875435,-29.921099392147614
2025-03-28 20:52:21.541,8,44.88216883177829,-13.500041854984048,16.45667969729771
2025-03-28 20:52:21.541,13,38.65512405575493,33.527704271647394,168.85247703861774
2025-03-28 20:52:21.541,14,-1.1625608626291242,-31.346880082754645,-8.109249779834713
2025-03-28 20:52:21.541,15,-375.4997104579109,-298.3740900995553,438.71653375674447
2025-03-28 20:52:21.657,7,-98.91881090717507,-0.18076902667948147,-79.53462878221495
2025-03-28 20:52:21.657,8,22.77816489709722,-71.8023067382166,7.650074805787002
2025-03-28 20:52:21.657,13,2.7766972531533156,160.06260016821227,123.43572976926941
2025-03-28 20:52:21.657,14,-0.4670053172891046,-8.165667942580793,-28.80684820637218
2025-03-28 20:52:21.657,15,-259.5530533171138,-30.280350798083504,266.72508955950605
2025-03-28 20:52:21.760,7,140.57869387230602,-27.693703257511032,-49.445177392562904
2025-03-28 20:52:21.760,8,22.930543510743817,56.438373192827946,18.067274144284173
2025-03-28 20:52:21.760,13,-22.31373294551393,104.33662134055177,53.59532425442481
2025-03-28 20:52:21.760,14,-14.179839494504336,106.66734801349648,23.10840786505007
2025-03-28 20:52:21.760,15,-126.61480424061413,68.04469402149141,218.15881657109892
2025-03-28 20:52:21.883,7,-19.80352404511028,26.355443959160105,-45.04815833603621
2025-03-28 20:52:21.883,8,-2.0567637742972824,-43.59339690413162,14.527467916118772
2025-03-28 20:52:21.883,13,16.90232158926821,129.7480492875193,102.07805716238053
2025-03-28 20:52:21.883,14,4.501486917520146,72.70268993757207,10.569387476027503
2025-03-28 20:52:21.883,15,-50.93152851621776,65.62097700266847,179.8455702432885
2025-03-28 20:52:21.984,7,-10.723158115038538,26.715675711877527,-15.507712158807088
2025-03-28 20:52:21.984,8,18.244090777345928,19.070460299410165,-33.872698873676526
2025-03-28 20:52:21.984,13,12.146645661153341,46.07788761592565,-16.184502356886156
2025-03-28 20:52:21.984,14,29.428140680229035,-14.878533686150085,-25.138771230172807
2025-03-28 20:52:21.984,15,-44.861138870541,95.74897970706891,280.49383776306047
2025-03-28 20:52:22.099,7,-29.803406624872423,62.255737480929454,-7.492833137037567
2025-03-28 20:52:22.099,8,-3.0078170615002247,-21.59267288248079,62.01942383863987
2025-03-28 20:52:22.099,13,46.10052073153064,57.012365886440975,77.79084505047791
2025-03-28 20:52:22.099,14,-10.242910195777457,-5.457948064683302,4.701480820508685
2025-03-28 20:52:22.099,15,19.58581853838315,-17.40645593339609,84.18256644001781
2025-03-28 20:52:22.099,16,-3261.976230278011,-3889.3679347137313,2825.5110857722093
2025-03-28 20:52:22.208,7,59.181969502086545,-4.765462888884915,-11.097832695387005
2025-03-28 20:52:22.208,8,8.235227659519886,7.281724962863027,-39.44036116943397
2025-03-28 20:52:22.208,13,-7.053790148287177,-18.941900049342888,44.187190587543625
2025-03-28 20:52:22.208,14,-4.669984108983606,-11.834004202548053,-37.13017665113349
2025-03-28 20:52:22.208,15,-5.67548738174861,-76.69718510426554,-23.490814746224537
2025-03-28 20:52:22.208,16,-2216.0998811265813,-2622.6399285314483,2121.1826251214825
2025-03-28 20:52:22.324,7,101.68169228471737,-71.7049107850755,20.348067957132628
2025-03-28 20:52:22.324,8,62.504823184356106,6.349803284141753,-53.20575736240909
2025-03-28 20:52:22.324,13,-72.9960013980029,90.76223270197909,177.13431302385322
2025-03-28 20:52:22.324,14,-28.598649986431518,65.80405709337113,14.333652299287895
2025-03-28 20:52:22.432,7,24.661689152345,77.20941096613252,19.473477829425278
2025-03-28 20:52:22.432,8,30.630137879298484,30.11892869640701,-40.120695353451055
2025-03-28 20:52:22.432,13,62.78517949705467,-46.38525792857382,-65.50261562766214
2025-03-28 20:52:22.432,14,82.35539812065794,12.75861120407362,31.830021746691344
2025-03-28 20:52:22.432,16,-782.2681255671355,-1279.2898244787095,136.8677974978974
2025-03-28 20:52:22.548,7,33.47892925787218,-46.23940615734171,-0.2697458606393077
2025-03-28 20:52:22.548,8,20.14987412481235,-13.093659089260793,26.491998436729936
2025-03-28 20:52:22.548,13,3.7387782917353043,-152.83836682454864,-95.4242126624447
2025-03-28 20:52:22.548,14,-62.457250670997915,-124.20050125979758,-85.59018235525937
2025-03-28 20:52:22.548,15,-1273.515655634119,-1273.8965153086976,1261.2196379654308
2025-03-28 20:52:22.548,16,-666.5631008673142,538.497906317598,2724.639495991222
2025-03-28 20:52:22.663,7,21.09152269559977,6.041679320988841,45.138368520723276
2025-03-28 20:52:22.663,8,63.63936090820746,-61.22095858981111,6.2200380863357845
2025-03-28 20:52:22.663,13,22.959383665892435,-4.425274482508797,-51.57617076197869
2025-03-28 20:52:22.663,14,43.6086941526599,-1.2117455803687065,-12.942730037565823
2025-03-28 20:52:22.663,15,2506.1210629309116,2363.9210633850926,-2614.45825420267
2025-03-28 20:52:22.663,16,-8460.368128898152,-9972.368745510363,7423.4432081015275
2025-03-28 20:52:22.777,7,-10.528226996079484,-19.736844614936835,6.498327715503795
2025-03-28 20:52:22.778,8,-37.65007382524199,12.110653125374657,30.033288813949902
2025-03-28 20:52:22.778,13,-12.812126900539306,-18.83693583190121,-55.76188045698183
2025-03-28 20:52:22.779,14,0.991128805896377,-1.133351915372781,-60.85146710312803
2025-03-28 20:52:22.779,15,1240.8871108697645,1169.4882970491278,-1294.3324489682948
2025-03-28 20:52:22.780,16,4695.547068750655,5312.287869368412,-4492.577128342889
2025-03-28 20:52:22.893,7,43.3551429637275,46.49383104003845,-2.0258386332842564
2025-03-28 20:52:22.893,8,21.420434346041816,54.72156220223316,-10.466238976667308
2025-03-28 20:52:22.893,13,23.897482549696814,-65.6124572657101,-34.342557653035925
2025-03-28 20:52:22.893,14,-31.84868220155782,-93.77066477906953,-155.14282084890405
2025-03-28 20:52:22.893,15,641.7071764266748,599.859949022919,-687.7657693284275
2025-03-28 20:52:22.893,16,10808.753903668574,12296.88547906499,-10216.283153283614
2025-03-28 20:52:22.996,7,-45.89684829282145,-38.978188662993745,-2.680355941898866
2025-03-28 20:52:22.996,8,-22.35093074182977,-75.16508168909365,77.78363910643024
2025-03-28 20:52:22.996,13,-4.1073668529678695,-70.99200259209404,-97.73251910311501
2025-03-28 20:52:22.996,14,-4.899971542149277,-56.19807379282732,-51.2876764694759
2025-03-28 20:52:22.996,16,-3822.431117952212,-4285.0975638194495,3767.242648005569
2025-03-28 20:52:23.111,7,-28.194548652036502,16.886449380884443,0.07252235174473043
2025-03-28 20:52:23.111,8,-14.672476893355542,-5.929415676723124,3.674113873887954
2025-03-28 20:52:23.111,13,-46.35977164877555,-21.86586523039103,-7.161726226131897
2025-03-28 20:52:23.111,14,7.515410360051466,-35.62563264757594,0.7433689665824588
2025-03-28 20:52:23.111,16,-1872.2740386774287,-2204.673472835949,1857.7831184166944
2025-03-28 20:52:23.220,7,-27.09232464998288,-15.447647303796648,-11.888581897551132
2025-03-28 20:52:23.220,8,-59.016197131017115,44.55718791160796,42.525968291345194
2025-03-28 20:52:23.220,13,-1.722949397247998,-19.78008355990106,-29.761967939296927
2025-03-28 20:52:23.220,14,26.302063175037198,-61.735352584452286,-100.4077129696496
2025-03-28 20:52:23.336,7,-46.69063714112242,-18.8674904158266,-27.63662981944047
2025-03-28 20:52:23.337,8,-19.471245406915536,35.59238303183834,8.096203312878474
2025-03-28 20:52:23.338,13,-13.181569716665173,-5.7437490603785815,-15.333761714675681
2025-03-28 20:52:23.340,14,37.62559700338301,22.56065241065145,104.01658501604112
2025-03-28 20:52:23.340,16,-943.4544222804274,-1500.8252969704074,122.90940879072343
2025-03-28 20:52:23.438,7,-21.85907733872401,-36.534672809026645,-11.832450686531896
2025-03-28 20:52:23.438,8,-32.952234207792976,9.954333177630279,-24.65285810340202
2025-03-28 20:52:23.438,13,12.9274918983965,-30.119193082438954,53.25616140382077
2025-03-28 20:52:23.438,14,-20.51761750321258,12.385765492424534,66.71425599183225
2025-03-28 20:52:23.438,15,873.8343548084044,837.9771336152244,-907.7242216505908
2025-03-28 20:52:23.438,16,-553.0109451809099,-247.15120853716917,1393.6693219903054
2025-03-28 20:52:23.547,7,-5.048122152360169,-21.767940372357874,12.729534633688342
2025-03-28 20:52:23.547,8,-30.939311872989617,35.89946407921403,-11.035347748241504
2025-03-28 20:52:23.547,13,-10.897166326636796,56.2452404952235,-8.65016990748703
2025-03-28 20:52:23.547,14,-8.201969393020914,90.94255975878012,134.18879395625243
2025-03-28 20:52:23.547,15,-1755.9169115011257,-1748.2059982045605,1764.5968064657282
2025-03-28 20:52:23.547,16,-301.77144899467044,-135.72687880504253,726.7493410685546
2025-03-28 20:52:23.649,7,-21.73345747536245,35.160955450354,-11.473869479530824
2025-03-28 20:52:23.649,8,0.3771687502924923,-39.3614081658573,-30.026524926314764
2025-03-28 20:52:23.649,13,-5.450766394568632,127.69012100628149,-3.913552343485323
2025-03-28 20:52:23.649,14,-24.677378633674113,216.77232470899943,229.05392895803686
2025-03-28 20:52:23.649,15,-855.9287094630145,-806.2255350716199,921.7954748450436
2025-03-28 20:52:23.649,16,-192.75805267797853,213.66530862233236,523.793518696229
2025-03-28 20:52:23.760,7,-17.68670128956794,2.3367450318319367,21.103391895859456
2025-03-28 20:52:23.760,8,-12.184161212151922,-16.254651756513955,-41.33919277128469
2025-03-28 20:52:23.760,13,-14.165447531588157,-33.66304101706382,-1.4527229253112979
2025-03-28 20:52:23.760,14,-26.483416583602583,-65.99054931783495,-110.95584005200656
2025-03-28 20:52:23.760,15,-440.4008623325418,-385.8126387433209,436.3602850833144
2025-03-28 20:52:23.768,16,-83.68507813645186,-31.042522264324603,246.22784550512307
2025-03-28 20:52:23.869,7,-23.61491453887743,29.70595980936188,7.789380653407088
2025-03-28 20:52:23.869,8,-6.784065830284646,2.1902685323622073,2.027107279884845
2025-03-28 20:52:23.869,13,9.489657606775332,95.3188421680233,36.51463371534861
2025-03-28 20:52:23.869,14,-10.165981026242449,124.7328120893826,204.21508449585264
2025-03-28 20:52:23.869,15,-252.12851921868673,-198.43315456306607,201.59715618609457
2025-03-28 20:52:23.869,16,-74.36531531801573,115.03974056634158,230.35026230057798
2025-03-28 20:52:23.972,7,-25.51594239739181,0.9803244309203478,7.601719940339107
2025-03-28 20:52:23.972,8,-30.590145889885598,-9.552864647200565,-35.00228721827134
2025-03-28 20:52:23.972,13,1.3023801695660921,1.8552489142380963,-12.169962468234633
2025-03-28 20:52:23.972,14,-17.77499986854074,53.18076807248955,91.02230166265647
2025-03-28 20:52:24.087,7,-21.422181797541462,-25.179712671155016,9.531630615613349
2025-03-28 20:52:24.087,8,-12.958763933744912,20.350625010002098,-17.907871789722073
2025-03-28 20:52:24.087,13,-19.047145208864315,3.8933112016441034,21.771845067934002
2025-03-28 20:52:24.087,14,-38.04836872744678,78.26724236839412,154.26974730383753
2025-03-28 20:52:24.087,16,-48.204662527960764,365.8538367507517,826.180767562304
2025-03-28 20:52:24.190,7,-12.395442654910621,-9.827895166420916,-47.68566532006039
2025-03-28 20:52:24.190,8,-38.26238561969428,-19.46931254695337,15.513208725141153
2025-03-28 20:52:24.190,13,3.273734122958192,50.57505211539361,27.067917056235586
2025-03-28 20:52:24.190,14,47.12639542794829,26.952138971119375,59.78049716622398
2025-03-28 20:52:24.305,7,-34.70704658231065,-25.204490908043176,-55.46101756319071
2025-03-28 20:52:24.305,8,-28.095853821368838,0.7813594308982612,31.621039398857214
2025-03-28 20:52:24.305,13,5.563325069826105,-46.07649508976618,-64.37828368634159
2025-03-28 20:52:24.305,14,23.75747269527663,-33.31871350569224,-18.633088298589882
2025-03-28 20:52:24.411,7,-33.3828591643149,11.55708144933526,-20.290750053379078
2025-03-28 20:52:24.411,8,-33.99691376525533,43.393558413374414,13.132365594468602
2025-03-28 20:52:24.412,13,-9.57908764839813,35.244139457584566,-22.410671024844515
2025-03-28 20:52:24.413,14,13.445569185867726,-17.297851284886377,-88.56948189203791
2025-03-28 20:52:24.413,15,-678.0185504352778,-655.3454906307965,667.4830109663266
2025-03-28 20:52:24.414,16,-1230.047894719826,-1459.1610029038475,990.2196122955536
2025-03-28 20:52:24.517,7,-81.77019906298713,-45.76489709043395,-17.585412563242652
2025-03-28 20:52:24.517,8,-40.68025409522677,9.482211941986579,-10.609225415725287
2025-03-28 20:52:24.517,13,-70.24307554240303,-78.00070396138331,-21.099740231741606
2025-03-28 20:52:24.517,14,-81.86330209576579,-106.5905886053911,-130.92306250576914
2025-03-28 20:52:24.626,7,18.34369983604776,14.145023363969344,11.84026093669106
2025-03-28 20:52:24.626,8,43.51135940588682,1.101630151374486,18.212076777603162
2025-03-28 20:52:24.626,13,39.09124708278139,-58.809743128978056,3.6218235447723686
2025-03-28 20:52:24.626,14,28.9603588148126,-51.81653220158789,-102.04698021974218
2025-03-28 20:52:24.626,15,641.1336657108634,637.7908376516755,-650.6481334686728
2025-03-28 20:52:24.735,7,15.764100608579286,39.767646393041616,38.89413895148548
2025-03-28 20:52:24.735,8,-50.483351331333935,38.680554505154014,-1.6691899493695992
2025-03-28 20:52:24.735,13,12.121121801573977,-27.083459081619818,-78.58146950968917
2025-03-28 20:52:24.735,14,-8.268013897279696,5.372796307071898,-15.763159350845733
2025-03-28 20:52:24.735,15,244.02356642228415,258.28711883212105,-193.45913783455634
2025-03-28 20:52:24.857,7,-8.109474647766449,-13.957140864538843,32.10882808996439
2025-03-28 20:52:24.862,8,21.759648935419523,-41.16228683763998,21.493458025646486
2025-03-28 20:52:24.862,13,30.38422589867637,31.306267592975324,-113.92730237796754
2025-03-28 20:52:24.864,14,28.629809970052804,15.860897201500045,-37.60726405515512
2025-03-28 20:52:24.865,15,241.33380441110563,217.32919887669496,-314.7046525484952
2025-03-28 20:52:24.960,7,76.48501094782054,-85.09230561288504,74.89098722484833
2025-03-28 20:52:24.960,8,-25.121161029571887,-21.602592662436276,14.325673047520528
2025-03-28 20:52:24.960,13,-21.069626363462632,-175.75773523822986,-187.73381015591818
2025-03-28 20:52:24.960,14,-49.55963869967272,-109.73939548478663,-39.461097302730096
2025-03-28 20:52:24.960,15,185.2814515308876,158.0142986632996,-269.2610304192057
2025-03-28 20:52:25.075,7,19.42144268065848,100.31576820285217,44.520035223516864
2025-03-28 20:52:25.075,8,39.54891162948671,6.324962631789582,-63.10972656815125
2025-03-28 20:52:25.075,13,46.743612084597856,-43.43912209201118,-7.764006437046945
2025-03-28 20:52:25.075,14,22.654537596803994,-67.06693073760385,-0.4738541378746959
2025-03-28 20:52:25.075,15,9616.77722500573,9198.666638968123,-9945.861014653472
2025-03-28 20:52:25.188,7,52.84209331032972,38.971050174162684,69.38539399311718
2025-03-28 20:52:25.190,8,82.41736347643395,2.8683073216440125,-21.12765717886235
2025-03-28 20:52:25.190,13,-0.7657166491844762,-122.74204894274425,-115.51201592800086
2025-03-28 20:52:25.190,14,-0.639116352509502,-78.63971001579706,-6.1084770885995345
2025-03-28 20:52:25.192,15,-5243.448476085336,-5268.376071707009,5247.449722963187
2025-03-28 20:52:25.192,16,107.28684685146322,97.03707044048258,-158.26146000090807
2025-03-28 20:52:25.287,7,-31.115392832011295,-49.76077160315583,-8.330708574977443
2025-03-28 20:52:25.287,8,-58.01837252165657,-48.73997082212486,26.588708711028705
2025-03-28 20:52:25.288,13,-79.72460164662631,-82.32542026876551,123.40998439839657
2025-03-28 20:52:25.289,14,44.133041579732826,20.333151227486958,-8.748433811705787
2025-03-28 20:52:25.289,15,-2917.64448545234,-2825.341489797376,2708.387510332251
2025-03-28 20:52:25.390,7,25.30827859298701,22.314091602369206,-39.32976340090896
2025-03-28 20:52:25.390,8,34.8434202498862,7.077833263118535,-5.657613817271891
2025-03-28 20:52:25.390,13,-5.798584166672121,27.622924874911945,137.8475776890507
2025-03-28 20:52:25.390,14,-45.36922353903229,-11.799441351218114,-10.031803786108611
2025-03-28 20:52:25.390,15,-1316.7955255493478,-1343.28230975113,1448.7321199105095
2025-03-28 20:52:25.505,7,-4.804869822538176,-20.707037077321793,-70.31234425131301
2025-03-28 20:52:25.505,8,40.300883143126484,2.8451153316625732,7.274345901087479
2025-03-28 20:52:25.505,13,39.493379309190345,257.73085492986894,192.9842196546561
2025-03-28 20:52:25.505,14,1.5597999272457095,123.46566790898476,12.913901328944497
2025-03-28 20:52:25.505,15,-696.4427683347145,-484.35879092102397,864.398746063164
2025-03-28 20:52:25.614,7,35.743910814560394,13.814440671533951,-29.60804861226331
2025-03-28 20:52:25.614,8,7.571878747989013,0.9113431984263334,12.255593212229272
2025-03-28 20:52:25.614,13,-19.058120965360303,23.22546846470952,14.831111899004313
2025-03-28 20:52:25.614,14,0.09698184720110525,-5.9841357632763135,1.6165797055164663
2025-03-28 20:52:25.614,15,-370.6223146861298,-238.12040507921571,542.3020968378928
2025-03-28 20:52:25.723,7,25.532003393764292,-41.17480936693394,-52.63104573708739
2025-03-28 20:52:25.723,8,12.341781110938545,10.695620636706458,38.1489726564131
2025-03-28 20:52:25.723,13,30.187767383493416,225.40817395710948,166.54282742604823
2025-03-28 20:52:25.723,14,59.98357114121204,111.73811343846631,28.575334686548448
2025-03-28 20:52:25.723,15,-191.6548775881813,80.6147096373981,503.03046584509946
2025-03-28 20:52:25.838,7,46.06947011856286,16.882497738968624,-32.618576047591986
2025-03-28 20:52:25.838,8,44.291848684074886,-28.000980198455494,-5.686350145138761
2025-03-28 20:52:25.838,13,10.466141443356149,123.06407616305145,122.74171968311285
2025-03-28 20:52:25.838,14,-15.089583987900934,49.58299438276101,-6.577190671607671
2025-03-28 20:52:25.838,15,-99.89310257770022,21.86870098280886,246.63477718903292
2025-03-28 20:52:25.954,7,8.339908194272441,21.313142635888376,-28.93387884185801
2025-03-28 20:52:25.954,8,35.18547038958542,-23.936100113363178,-19.010002867369284
2025-03-28 20:52:25.954,13,0.5830897211178874,78.33810986245562,185.68657526594754
2025-03-28 20:52:25.954,14,-7.6688923413701495,33.36823357991406,-9.998399016983967
2025-03-28 20:52:25.954,15,-9598.486613542134,-9142.9698592126,10153.696078954095
2025-03-28 20:52:25.954,16,-398.232962791526,-479.0929432664799,328.6103462553802
2025-03-28 20:52:26.060,7,89.73295086205201,34.993187398368356,41.58324327613382
2025-03-28 20:52:26.061,8,40.78785242511183,55.50675278460433,-21.819765904337565
2025-03-28 20:52:26.062,13,-7.184861374921755,-37.59350122276174,70.37665909368853
2025-03-28 20:52:26.062,14,-3.943890554396842,-29.202193090050244,-19.153236561746006
2025-03-28 20:52:26.063,15,5430.8746088244,5092.373487819014,-5632.9691063024175
2025-03-28 20:52:26.063,16,895.5011537577009,1150.316918849459,-551.1441935956509
2025-03-28 20:52:26.166,7,-2.834807474895463,5.268015353011618,0.28565775768479895
2025-03-28 20:52:26.166,8,3.313786644421892,-39.35889029282309,-4.76325533551215
2025-03-28 20:52:26.169,13,7.67057192665543,-58.52380475757226,-74.793661246871
2025-03-28 20:52:26.169,14,35.3231469512409,-31.334806413724543,-14.720674618591199
2025-03-28 20:52:26.169,15,3321.687125802458,2999.354005907938,-3912.868039563999
2025-03-28 20:52:26.171,16,1000.7788577880588,976.2737082133867,-1318.596046035756
2025-03-28 20:52:26.269,7,-6.073027361300421,-41.446575156078794,48.12832939618756
2025-03-28 20:52:26.269,8,28.68191080667568,-71.51206922005618,-14.777124224734619
2025-03-28 20:52:26.269,13,-21.149809279269082,-65.8565694040449,-37.180803034665516
2025-03-28 20:52:26.269,14,30.370372630136853,-60.685810424132086,16.69684762961848
2025-03-28 20:52:26.269,15,1493.3510951133858,1385.3742151324363,-1603.9320942727707
2025-03-28 20:52:26.269,16,287.0358420473247,330.3764172454862,-259.112799554489
2025-03-28 20:52:26.372,7,71.50254473775894,32.84523829996177,39.19534556727291
2025-03-28 20:52:26.372,8,17.89431921124085,116.46431222344349,-29.721958459489386
2025-03-28 20:52:26.372,13,55.48255045115973,-90.08158828754873,-135.1886138722288
2025-03-28 20:52:26.372,14,-9.849671193369808,-10.729780994634389,-64.07916781011524
2025-03-28 20:52:26.372,15,843.621281003412,768.7111341199543,-962.130757533572
2025-03-28 20:52:26.372,16,215.32451058850813,217.41481487967607,-263.4306771295896
2025-03-28 20:52:26.487,7,25.390990064474245,58.71509899061803,24.0282094331687
2025-03-28 20:52:26.487,8,26.042598412057853,-70.46414849703478,96.26283689956445
2025-03-28 20:52:26.487,13,2.037513391347204,-91.21118693860379,-71.06335054782288
2025-03-28 20:52:26.487,14,-8.569092749044056,-103.09016290297137,-115.1943797155059
2025-03-28 20:52:26.590,7,-44.233597637327215,-30.13001798379443,7.139744098873483
2025-03-28 20:52:26.590,8,18.003246603617455,15.055238619787147,13.039981946501356
2025-03-28 20:52:26.590,13,-12.823333626752133,-74.01303913979821,-63.07535782100226
2025-03-28 20:52:26.597,14,-80.12060350447214,-79.59859536682187,-152.65346055295817
2025-03-28 20:52:26.597,15,379.08033727450237,354.4815607060266,-394.4120845373406
2025-03-28 20:52:26.597,16,57.06948718915356,71.11895055313822,-37.000246016077924
2025-03-28 20:52:26.699,7,-15.25211674471213,-28.302682723782546,-15.336289000863552
2025-03-28 20:52:26.699,8,-35.664332405756944,31.385733029935068,41.90764604480891
2025-03-28 20:52:26.699,13,-23.154472322867008,-55.29352992668534,-55.67027892753596
2025-03-28 20:52:26.699,14,-13.198568834952628,-94.1381091326074,-81.22355338550226
2025-03-28 20:52:26.814,7,-74.61082982459953,-26.99326574295539,-14.230804657355696
2025-03-28 20:52:26.814,8,-22.441962072818132,-17.43377619746994,-0.3137148539166752
2025-03-28 20:52:26.814,13,-24.452478451967455,-24.18030349463795,-35.95867579943449
2025-03-28 20:52:26.814,14,25.30821884349467,-41.55086061387624,7.62835882864232
2025-03-28 20:52:26.814,16,2605.0904266089,2662.003186147167,-3027.1912952458665
2025-03-28 20:52:26.917,7,-6.007241541643687,40.4763278705818,7.052720105621159
2025-03-28 20:52:26.917,8,-46.900106578699834,-56.11625916429931,9.856457637480965
2025-03-28 20:52:26.917,13,1.0069216913082908,-1.9090259847339013,-6.807859268215019
2025-03-28 20:52:26.917,14,67.56407594424131,-65.09715639969595,-106.94554503578854
2025-03-28 20:52:26.917,15,1530.559029588859,1483.2412860065729,-1574.4875016155393
2025-03-28 20:52:26.917,16,-3676.482628786892,-4172.894345709968,4174.805113492993
2025-03-28 20:52:27.026,7,-30.794666125903692,-31.266504654787106,0.7842811926292956
2025-03-28 20:52:27.026,8,-37.86868998464455,43.34256546297257,-40.778449849946284
2025-03-28 20:52:27.026,13,31.110219973127442,30.99525092431763,-40.5715547928999
2025-03-28 20:52:27.026,14,-27.167481077046922,62.91067159570383,171.24558788329114
2025-03-28 20:52:27.026,15,-2651.7141683077475,-2648.12810225441,2708.9704160106558
2025-03-28 20:52:27.026,16,-1899.3851538954198,-1930.6947169723605,2187.926712984063
2025-03-28 20:52:27.141,7,-21.08866678442629,-5.342880682023949,27.172753536219773
2025-03-28 20:52:27.142,8,-18.913735666398004,25.500378098678528,-47.01666602949757
2025-03-28 20:52:27.142,13,-12.649696223625057,40.13471235325701,34.3230063332214
2025-03-28 20:52:27.142,14,-13.385018185234877,107.6017257499992,128.74838052821715
2025-03-28 20:52:27.142,15,-1380.7202139194865,-1273.431545743344,1415.116854235085
2025-03-28 20:52:27.142,16,-965.0240483457807,-836.4824385251488,1127.1824555097614
2025-03-28 20:52:27.244,7,-0.5845264291934651,25.476819271652435,0.8239883144581661
2025-03-28 20:52:27.244,8,-22.247000128238152,-1.5718363433377398,-16.53959730700684
2025-03-28 20:52:27.244,13,-12.570861073602355,23.110400728425827,-30.803272695976034
2025-03-28 20:52:27.244,14,3.645080979525309,91.97231313741426,105.72405213075129
2025-03-28 20:52:27.244,15,-674.9324055855479,-665.9695020457059,691.1006039872183
2025-03-28 20:52:27.244,16,-491.9601499038765,-381.21165135860633,621.2055331581906
2025-03-28 20:52:27.347,7,-11.491604441089178,-0.2116342553034265,9.3019438221917
2025-03-28 20:52:27.347,8,3.376156751100547,-15.448224078242335,-9.194709407375894
2025-03-28 20:52:27.347,13,-10.022344948434425,28.838361664069,63.37082645050685
2025-03-28 20:52:27.347,14,2.434728919674543,62.90791175762766,81.73859849114368
2025-03-28 20:52:27.347,15,-353.5753379164088,-326.6782425924099,375.15858800928595
2025-03-28 20:52:27.347,16,-189.09141595758916,-157.4195741529008,295.98721962365664
2025-03-28 20:52:27.457,7,0.8630532520998893,-12.632802961246744,-21.367225479446383
2025-03-28 20:52:27.457,8,-25.47520664670152,43.037268234608355,17.771749269780152
2025-03-28 20:52:27.457,13,-1.470582387920826,11.597220774315536,-41.744530594545
2025-03-28 20:52:27.457,14,0.347688101929697,36.280513374335676,4.880983724030145
2025-03-28 20:52:27.457,15,-143.7019887251217,-166.06924501816488,114.38996855197126
2025-03-28 20:52:27.457,16,-73.41116740334192,-47.04702029557387,162.2588208652761
2025-03-28 20:52:27.560,7,-12.942169610272728,-34.28334672664822,-10.867608338714192
2025-03-28 20:52:27.560,8,15.433263738722463,11.000784758535959,-9.149342612984723
2025-03-28 20:52:27.560,13,3.203976083211891,-13.834941003628828,10.30452612148153
2025-03-28 20:52:27.560,14,12.269323851085444,17.26308332189476,57.31154242049657
2025-03-28 20:52:27.560,15,-86.16834291020835,-82.57284284064889,147.72157506106112
2025-03-28 20:52:27.560,16,-61.93191781871866,-36.948158627864245,67.48009079176671
2025-03-28 20:52:27.671,7,17.085902045722293,-3.2949874730431237,-16.651435457219534
2025-03-28 20:52:27.673,8,-32.18326410612625,15.97655678670827,15.533099085560941
2025-03-28 20:52:27.673,13,-21.493686834600812,21.327092959080744,20.226409249177664
2025-03-28 20:52:27.673,14,-25.247739831852705,23.634356477053217,-0.20081328370624618
2025-03-28 20:52:27.675,15,-70.69496265072164,-34.92008898100777,9.017871047377362
2025-03-28 20:52:27.675,16,-34.92176803880047,37.875649577625566,30.452219591719643
2025-03-28 20:52:27.777,7,-3.613505461020752,-40.59962258864069,-58.27671999148531
2025-03-28 20:52:27.778,8,-2.8990755161478816,7.150552530971736,18.655546035908127
2025-03-28 20:52:27.778,13,12.079728907987388,32.965763631692965,-12.086944878322274
2025-03-28 20:52:27.778,14,-13.362274396834563,1.7176589615168023,-1.5258741466900743
2025-03-28 20:52:27.778,15,12.766702344380306,-13.023418559012004,33.59425499103637
2025-03-28 20:52:27.778,16,-36.27698951334091,-45.40490366889145,48.06675060483561
2025-03-28 20:52:27.888,7,-0.5315191467584848,29.30045596904684,-17.052600400548577
2025-03-28 20:52:27.888,8,10.589117711258561,-20.594942723876542,4.626813601215744
2025-03-28 20:52:27.888,13,-7.169332045300109,-23.89681997994756,-22.743124104372637
2025-03-28 20:52:27.888,14,-24.717171327706797,-27.387246658913504,8.023156888456384
2025-03-28 20:52:27.894,15,-16.674234346548662,-12.155833221499513,-9.405259291041915
2025-03-28 20:52:27.894,16,-24.303172403949443,-5.968708221740156,-6.05695692320587
2025-03-28 20:52:27.990,7,-8.160319284647578,0.8554889882943968,5.602970813250039
2025-03-28 20:52:27.990,8,-7.900714446026102,2.8672590598637555,1.3604937187398778
2025-03-28 20:52:27.990,13,0.3666238548218139,-16.637550714714713,35.612567512774646
2025-03-28 20:52:27.990,14,-4.943293064139764,2.1132144870395706,40.02505148860902
2025-03-28 20:52:27.990,15,10.046670167098357,-7.946581372219541,19.80499467192015
2025-03-28 20:52:27.990,16,-1.906432897764942,-33.3489570063236,-58.25014889065993
2025-03-28 20:52:28.093,7,-17.276588722600696,-12.736760790756756,7.077352862594907
2025-03-28 20:52:28.093,8,9.497521782529887,12.991739542771747,13.330962635415672
2025-03-28 20:52:28.093,13,13.125255461373696,3.5551328401819244,12.21394503350638
2025-03-28 20:52:28.093,14,-12.200117978976516,-23.50183674217034,2.9835295998341707
2025-03-28 20:52:28.093,15,29.326499707734726,7.682142875229541,-34.5559895454033
2025-03-28 20:52:28.093,16,-10.089802218927451,-26.998461337316932,-30.220795056664056
2025-03-28 20:52:28.197,7,-5.1991251919050825,7.122642854461565,17.24816146293079
2025-03-28 20:52:28.198,8,21.884765234581167,-6.956317092869684,-0.35649307026828936
2025-03-28 20:52:28.198,13,13.239760419734512,-13.63653914270649,-64.2890409451418
2025-03-28 20:52:28.199,14,-9.344563827456625,-28.297891821852637,-7.768273682071203
2025-03-28 20:52:28.200,15,50.17078825505469,-4.916760043831045,-6.992865108892458
2025-03-28 20:52:28.200,16,-7.858908836668178,-53.83089476302805,35.00266917555093
2025-03-28 20:52:28.299,7,-3.997861603241304,-9.388034142174634,4.216873108603387
2025-03-28 20:52:28.299,8,23.200166668947322,-2.8462337834824116,-5.768423576939177
2025-03-28 20:52:28.299,13,-0.03732532666590416,-7.142614417253013,26.542777675819067
2025-03-28 20:52:28.299,14,-35.29594483367723,-48.93958378685727,-26.82552503014658
2025-03-28 20:52:28.299,15,11.260544274556484,-5.552807468321493,20.674157335760874
2025-03-28 20:52:28.299,16,-25.991465980141065,-62.606342297969945,9.018039367937906
2025-03-28 20:52:28.408,7,15.56586040864644,-5.591225907277198,18.9608795725121
2025-03-28 20:52:28.408,8,-2.178555649459973,1.9120325370730742,-28.32037516093876
2025-03-28 20:52:28.408,13,0.47643121797246535,10.042200709913677,17.745764744372224
2025-03-28 20:52:28.408,14,-38.89079205539794,9.959776794096086,3.326176829102941
2025-03-28 20:52:28.408,16,-60.34127258276224,63.85148547441648,3.4097112022355196
2025-03-28 20:52:28.517,7,43.28575889587388,21.350485505427464,10.772255513036066
2025-03-28 20:52:28.517,8,-2.287861690049561,-37.433833427867256,0.9631066277505731
2025-03-28 20:52:28.517,13,18.980625290028577,43.64930054180931,-25.231117413735795
2025-03-28 20:52:28.517,14,-17.061003827633094,-12.105723788671568,8.158069052210307
2025-03-28 20:52:28.517,16,-123.60889606634413,6.740210835941852,-13.793580508260728
2025-03-28 20:52:28.626,7,-24.125947329644834,-14.70616418027211,15.200961955190031
2025-03-28 20:52:28.626,8,-26.62475999728328,-5.539273415879235,-14.505715576446104
2025-03-28 20:52:28.626,13,12.025158850258343,-34.88313925433491,-0.8542541699768531
2025-03-28 20:52:28.626,14,19.403203007337254,21.692927328070105,-6.118061338469565
2025-03-28 20:52:28.626,16,-3.0260752386801855,31.880228431352375,12.486478683603515
2025-03-28 20:52:28.741,7,-12.670880147377433,29.893262164582186,6.494966134981917
2025-03-28 20:52:28.741,8,-38.89554945797853,9.295296917951084,-0.928840170603455
2025-03-28 20:52:28.741,13,-20.001308942266377,14.96908421479477,-14.813653795690747
2025-03-28 20:52:28.741,14,20.78164244652799,42.56115111296705,-0.44016834726373233
2025-03-28 20:52:28.741,16,54.89198184346901,34.99305145317521,28.867776201803856
2025-03-28 20:52:28.840,7,-17.175419015604103,2.1174981421009758,21.679353208095762
2025-03-28 20:52:28.842,8,-7.9692267739624825,25.0585105628157,-42.23336025261584
2025-03-28 20:52:28.842,13,-13.972168508638156,-14.045183873167932,83.80759952790983
2025-03-28 20:52:28.843,14,58.82926462359054,18.39162901012773,-38.07177611064138
2025-03-28 20:52:28.844,16,109.33991052624012,41.286422582511435,-49.679024608367264
2025-03-28 20:52:28.947,7,-31.53414273153841,-10.584979148036775,-29.110865238119835
2025-03-28 20:52:28.947,8,23.48945263609819,7.1851640281978515,18.31842902111565
2025-03-28 20:52:28.947,13,-17.287794632217306,-13.577549549700723,-47.61958544358773
2025-03-28 20:52:28.947,14,82.43494089505636,52.74715810152094,-5.039010070919051
2025-03-28 20:52:28.947,16,141.53970987501214,58.90305231790252,-41.14816831967934
2025-03-28 20:52:29.056,7,-3.26004365433249,-17.833240512210107,-14.879087498764097
2025-03-28 20:52:29.056,8,-50.60219139418584,54.03063021259673,7.573927900019792
2025-03-28 20:52:29.056,13,3.8233461519747305,-29.710500982305277,-19.83934721629133
2025-03-28 20:52:29.056,14,85.09805709828984,-5.954936587114549,-80.3243625249452
2025-03-28 20:52:29.056,16,262.33464575006053,-55.0839464141995,1.1151213762498315
2025-03-28 20:52:29.164,7,9.992959862794436,-23.63049130228989,-13.45316201846098
2025-03-28 20:52:29.165,8,-29.387900006887435,-16.849966194351563,44.6458056432975
2025-03-28 20:52:29.166,13,7.672060898854033,20.2508142611225,35.85259700966495
2025-03-28 20:52:29.166,14,127.03657395375663,21.807970185100693,-35.286348385073076
2025-03-28 20:52:29.166,15,-1.1375798367049255,-0.8728873630018876,9.512436452821332
2025-03-28 20:52:29.166,16,101.05164251690528,-7.676449100053606,-11.509252696272064
2025-03-28 20:52:29.269,7,24.953785833613054,0.2870097509523326,16.761052177117143
2025-03-28 20:52:29.269,8,-13.711653501898748,-21.30777723279612,15.451520628011798
2025-03-28 20:52:29.269,13,-3.282418820424695,-18.254781620602202,62.883566903256295
2025-03-28 20:52:29.269,14,2.5557792658223377,-30.81348305526556,-62.41669944169947
2025-03-28 20:52:29.269,15,-19.9693289408281,-47.99014951496926,22.489091097653866
2025-03-28 20:52:29.269,16,-40.39605359849981,43.96810990721567,68.77682231726567
2025-03-28 20:52:29.372,7,-22.19133938052942,-2.5382988237687174,36.814639418574075
2025-03-28 20:52:29.372,8,35.16028419487565,26.517375246732325,-51.5303987725155
2025-03-28 20:52:29.372,13,32.572017869746745,3.5567325751141006,-28.918843499384245
2025-03-28 20:52:29.372,14,4.1806273343049165,-19.80965663526156,12.271334960787943
2025-03-28 20:52:29.372,15,-25.585074367907303,69.11511746985883,31.945699854719553
2025-03-28 20:52:29.372,16,-41.411456049393806,-3.7706971730837395,-88.0925151345046
2025-03-28 20:52:29.481,7,5.606288422342532,11.845153416298023,27.909711042617932
2025-03-28 20:52:29.481,8,-7.423992816136835,-5.109211446784801,1.352071766863105
2025-03-28 20:52:29.481,13,23.61886042083567,33.4621466001355,-46.3455203393448
2025-03-28 20:52:29.481,14,-36.68837749079484,35.16146583318459,42.85947979058666
2025-03-28 20:52:29.481,15,15.566434674400652,38.399196799403974,27.15580777534234
2025-03-28 20:52:29.481,16,-78.9030252786321,28.592842235172498,-46.62271747903715
2025-03-28 20:52:29.597,7,-21.9073337647253,15.382866759874677,49.447237230077924
2025-03-28 20:52:29.597,8,10.712905855733428,-0.3906067369930204,-23.106335269197857
2025-03-28 20:52:29.597,13,-6.392720532388051,14.330041417864804,20.577210466547324
2025-03-28 20:52:29.597,14,-67.70837700788802,3.4013278758640766,59.54576665228162
2025-03-28 20:52:29.597,15,0.8009920999640165,-37.463060898338874,-66.24693370752226
2025-03-28 20:52:29.597,16,-87.01043585872861,-23.62677741488245,0.675724284995102
2025-03-28 20:52:29.699,7,9.948159298561926,-0.42753227205142164,-28.926081327385326
2025-03-28 20:52:29.699,8,17.356804513316934,1.0573558540067205,-17.840217610945494
2025-03-28 20:52:29.699,13,-31.352797964881578,-23.07878748725025,-19.292012137685173
2025-03-28 20:52:29.699,14,-62.38424304640646,8.820032247506076,60.327738201389714
2025-03-28 20:52:29.699,16,-111.78597414929021,50.24406824810962,42.22668288750095
2025-03-28 20:52:29.814,7,-16.454237463788502,-0.7063469415375199,-7.022982865950496
2025-03-28 20:52:29.814,8,9.548416938096134,-35.51229630505181,-7.773695042201727
2025-03-28 20:52:29.814,13,-21.130962413822807,33.10704743072924,37.739408824437405
2025-03-28 20:52:29.814,14,-56.201668318781586,40.51398106252114,125.98535847822035
2025-03-28 20:52:29.814,16,-32.90914771520056,37.94691024085543,90.62345025426917
2025-03-28 20:52:29.929,7,9.321308368101793,-10.5817188508617,-27.299964259188325
2025-03-28 20:52:29.929,8,4.91649198223295,38.28682364368852,4.144449943135367
2025-03-28 20:52:29.929,13,-13.695483611873026,79.55088570883949,-2.0531967982890293
2025-03-28 20:52:29.929,14,-65.99871138029577,178.22482972383153,122.92274346088723
